dependent_variable,variables,R_squared,p-values,AIC
Close,"('Interest_Rate_Lag_1', 'Interest_Rate_Lag_20', 'Interest_Rate_Pct_Change_Lag_1', 'Interest_Rate_Pct_Change_Lag_5', 'Interest_Rate_Pct_Change_Lag_10', 'Interest_Rate_Pct_Change_Lag_20')",0.29107008684782043,"{'const': 0.0, 'Interest_Rate_Lag_1': 3.5825271246603803e-32, 'Interest_Rate_Lag_20': 1.4671891988972905e-58, 'Interest_Rate_Pct_Change_Lag_1': 0.0021467431300246156, 'Interest_Rate_Pct_Change_Lag_5': 0.002325691645508414, 'Interest_Rate_Pct_Change_Lag_10': 0.00457092368387602, 'Interest_Rate_Pct_Change_Lag_20': 1.2200551986577343e-06}",241071.44996843667
Close,"('Interest_Rate_Lag_1', 'Interest_Rate_Lag_20', 'Interest_Rate_Pct_Change_Lag_1', 'Interest_Rate_Pct_Change_Lag_5', 'Interest_Rate_Pct_Change_Lag_20')",0.2906789706904961,"{'const': 0.0, 'Interest_Rate_Lag_1': 3.5794076852113336e-34, 'Interest_Rate_Lag_20': 1.799204970390215e-61, 'Interest_Rate_Pct_Change_Lag_1': 0.002424782608795318, 'Interest_Rate_Pct_Change_Lag_5': 0.0026247324576720043, 'Interest_Rate_Pct_Change_Lag_20': 1.2345126736799217e-06}",241077.49593897245
Close,"('Interest_Rate_Lag_1', 'Interest_Rate_Lag_20', 'Interest_Rate_Pct_Change_Lag_1', 'Interest_Rate_Pct_Change_Lag_10', 'Interest_Rate_Pct_Change_Lag_20')",0.29061907850666735,"{'const': 0.0, 'Interest_Rate_Lag_1': 2.7142909786866865e-34, 'Interest_Rate_Lag_20': 1.2399973078092587e-61, 'Interest_Rate_Pct_Change_Lag_1': 0.0024473076561532625, 'Interest_Rate_Pct_Change_Lag_10': 0.005165998508448777, 'Interest_Rate_Pct_Change_Lag_20': 1.2363230450948365e-06}",241078.72763838293
Close,"('Interest_Rate_Lag_1', 'Interest_Rate_Lag_20', 'Interest_Rate_Pct_Change_Lag_5', 'Interest_Rate_Pct_Change_Lag_10', 'Interest_Rate_Pct_Change_Lag_20')",0.29061193944769814,"{'const': 0.0, 'Interest_Rate_Lag_1': 2.6295423977381956e-34, 'Interest_Rate_Lag_20': 1.1882199229306687e-61, 'Interest_Rate_Pct_Change_Lag_5': 0.0026517346594064116, 'Interest_Rate_Pct_Change_Lag_10': 0.0051711084061774795, 'Interest_Rate_Pct_Change_Lag_20': 1.2365365533052458e-06}",241078.87444817869
Close,"('Interest_Rate_Lag_1', 'Interest_Rate_Lag_20', 'Interest_Rate_Pct_Change_Lag_1', 'Interest_Rate_Pct_Change_Lag_20')",0.290238519242072,"{'const': 0.0, 'Interest_Rate_Lag_1': 2.482173319664348e-36, 'Interest_Rate_Lag_20': 1.3957648955146965e-64, 'Interest_Rate_Pct_Change_Lag_1': 0.0027518136434281004, 'Interest_Rate_Pct_Change_Lag_20': 1.2505360976126887e-06}",241084.55151662964
Close,"('Interest_Rate_Lag_1', 'Interest_Rate_Lag_20', 'Interest_Rate_Pct_Change_Lag_5', 'Interest_Rate_Pct_Change_Lag_20')",0.29023146332709227,"{'const': 0.0, 'Interest_Rate_Lag_1': 2.402974149834265e-36, 'Interest_Rate_Lag_20': 1.3365723057697103e-64, 'Interest_Rate_Pct_Change_Lag_5': 0.002979204059313967, 'Interest_Rate_Pct_Change_Lag_20': 1.250749228324858e-06}",241084.69653883623
Close,"('Interest_Rate_Lag_1', 'Interest_Rate_Lag_20', 'Interest_Rate_Pct_Change_Lag_10', 'Interest_Rate_Pct_Change_Lag_20')",0.29017235725559576,"{'const': 0.0, 'Interest_Rate_Lag_1': 1.8100136381802546e-36, 'Interest_Rate_Lag_20': 9.152054295105636e-65, 'Interest_Rate_Pct_Change_Lag_10': 0.005817917593362544, 'Interest_Rate_Pct_Change_Lag_20': 1.2525570907437865e-06}",241085.9113059425
Close,"('Interest_Rate_Lag_1', 'Interest_Rate_Lag_20', 'Interest_Rate_Pct_Change_Lag_1', 'Interest_Rate_Pct_Change_Lag_5', 'Interest_Rate_Pct_Change_Lag_10')",0.289982800643362,"{'const': 0.0, 'Interest_Rate_Lag_1': 4.063522970671419e-32, 'Interest_Rate_Lag_20': 1.7227265218053034e-58, 'Interest_Rate_Pct_Change_Lag_1': 0.002177591349001497, 'Interest_Rate_Pct_Change_Lag_5': 0.0023587479149869924, 'Interest_Rate_Pct_Change_Lag_10': 0.004629836967076402}",241108.53510101582
Close,"('Interest_Rate_Lag_5', 'Interest_Rate_Lag_20', 'Interest_Rate_Pct_Change_Lag_1', 'Interest_Rate_Pct_Change_Lag_5', 'Interest_Rate_Pct_Change_Lag_10', 'Interest_Rate_Pct_Change_Lag_20')",0.2898714158011485,"{'const': 0.0, 'Interest_Rate_Lag_5': 8.80169829818351e-27, 'Interest_Rate_Lag_20': 3.932880823406575e-48, 'Interest_Rate_Pct_Change_Lag_1': 1.0635228656570036e-05, 'Interest_Rate_Pct_Change_Lag_5': 0.002591476066523719, 'Interest_Rate_Pct_Change_Lag_10': 0.005053156149389415, 'Interest_Rate_Pct_Change_Lag_20': 1.249755484749771e-06}",241096.09478388348
Close,"('Interest_Rate_Lag_1', 'Interest_Rate_Lag_20', 'Interest_Rate_Pct_Change_Lag_20')",0.28980203310159747,"{'const': 0.0, 'Interest_Rate_Lag_1': 1.5202138814016613e-38, 'Interest_Rate_Lag_20': 9.489098440615392e-68, 'Interest_Rate_Pct_Change_Lag_20': 1.2665288330623835e-06}",241091.5200262984
Close,"('Interest_Rate_Lag_1', 'Interest_Rate_Lag_20', 'Interest_Rate_Pct_Change_Lag_1', 'Interest_Rate_Pct_Change_Lag_5')",0.2895922683838785,"{'const': 0.0, 'Interest_Rate_Lag_1': 4.101172024170355e-34, 'Interest_Rate_Lag_20': 2.1384504696099854e-61, 'Interest_Rate_Pct_Change_Lag_1': 0.0024588157946059124, 'Interest_Rate_Pct_Change_Lag_5': 0.0026611675007449805}",241114.55731345795
Close,"('Interest_Rate_Lag_1', 'Interest_Rate_Lag_20', 'Interest_Rate_Pct_Change_Lag_1', 'Interest_Rate_Pct_Change_Lag_10')",0.28953242188050277,"{'const': 0.0, 'Interest_Rate_Lag_1': 3.1112918105080953e-34, 'Interest_Rate_Lag_20': 1.474502500879975e-61, 'Interest_Rate_Pct_Change_Lag_1': 0.0024816096148331927, 'Interest_Rate_Pct_Change_Lag_10': 0.00523086752910226}",241115.78627511597
Close,"('Interest_Rate_Lag_1', 'Interest_Rate_Lag_20', 'Interest_Rate_Pct_Change_Lag_5', 'Interest_Rate_Pct_Change_Lag_10')",0.2895252880811443,"{'const': 0.0, 'Interest_Rate_Lag_1': 3.0142966609361424e-34, 'Interest_Rate_Lag_20': 1.4130098616340848e-61, 'Interest_Rate_Pct_Change_Lag_5': 0.0026884876696778763, 'Interest_Rate_Pct_Change_Lag_10': 0.0052360308151144655}",241115.93276241468
Close,"('Interest_Rate_Lag_5', 'Interest_Rate_Lag_20', 'Interest_Rate_Pct_Change_Lag_1', 'Interest_Rate_Pct_Change_Lag_5', 'Interest_Rate_Pct_Change_Lag_20')",0.2894884838113435,"{'const': 0.0, 'Interest_Rate_Lag_5': 7.981007748038564e-29, 'Interest_Rate_Lag_20': 4.356072458530577e-51, 'Interest_Rate_Pct_Change_Lag_1': 1.0753862366088461e-05, 'Interest_Rate_Pct_Change_Lag_5': 0.0030003974943651895, 'Interest_Rate_Pct_Change_Lag_20': 1.264213895278065e-06}",241101.95914305653
Close,"('Interest_Rate_Lag_5', 'Interest_Rate_Lag_20', 'Interest_Rate_Pct_Change_Lag_1', 'Interest_Rate_Pct_Change_Lag_10', 'Interest_Rate_Pct_Change_Lag_20')",0.2894292963686208,"{'const': 0.0, 'Interest_Rate_Lag_5': 5.999749341994093e-29, 'Interest_Rate_Lag_20': 2.9732029856029005e-51, 'Interest_Rate_Pct_Change_Lag_1': 1.0768016829559357e-05, 'Interest_Rate_Pct_Change_Lag_10': 0.005860834217580936, 'Interest_Rate_Pct_Change_Lag_20': 1.2660420381566156e-06}",241103.17431048723
Close,"('Interest_Rate_Lag_1', 'Interest_Rate_Lag_20', 'Interest_Rate_Pct_Change_Lag_1')",0.289152431124315,"{'const': 0.0, 'Interest_Rate_Lag_1': 2.874765696200557e-36, 'Interest_Rate_Lag_20': 1.68044087203221e-64, 'Interest_Rate_Pct_Change_Lag_1': 0.002789500393392162}",241121.58705777256
Close,"('Interest_Rate_Lag_1', 'Interest_Rate_Lag_20', 'Interest_Rate_Pct_Change_Lag_5')",0.289145380402278,"{'const': 0.0, 'Interest_Rate_Lag_1': 2.7831814137767366e-36, 'Interest_Rate_Lag_20': 1.6092650148789283e-64, 'Interest_Rate_Pct_Change_Lag_5': 0.0030195458990311935}",241121.73176175434
Close,"('Interest_Rate_Lag_1', 'Interest_Rate_Lag_20', 'Interest_Rate_Pct_Change_Lag_10')",0.28908631942389784,"{'const': 0.0, 'Interest_Rate_Lag_1': 2.0973324030702403e-36, 'Interest_Rate_Lag_20': 1.1024656073822956e-64, 'Interest_Rate_Pct_Change_Lag_10': 0.0058891071858802185}",241122.94383071663
Close,"('Interest_Rate_Lag_5', 'Interest_Rate_Lag_20', 'Interest_Rate_Pct_Change_Lag_1', 'Interest_Rate_Pct_Change_Lag_20')",0.2890592051952393,"{'const': 0.0, 'Interest_Rate_Lag_5': 4.868777462372398e-31, 'Interest_Rate_Lag_20': 2.955089244373542e-54, 'Interest_Rate_Pct_Change_Lag_1': 1.0883761214643457e-05, 'Interest_Rate_Pct_Change_Lag_20': 1.280150202042513e-06}",241108.77029569767
Close,"('Interest_Rate_Lag_5', 'Interest_Rate_Lag_20', 'Interest_Rate_Pct_Change_Lag_5', 'Interest_Rate_Pct_Change_Lag_10', 'Interest_Rate_Pct_Change_Lag_20')",0.28892623227613357,"{'const': 0.0, 'Interest_Rate_Lag_5': 9.80690881176667e-27, 'Interest_Rate_Lag_20': 4.41360544603051e-48, 'Interest_Rate_Pct_Change_Lag_5': 0.002626295056567688, 'Interest_Rate_Pct_Change_Lag_10': 0.005114954131087796, 'Interest_Rate_Pct_Change_Lag_20': 1.2820572920576561e-06}",241113.49855038745
Close,"('Interest_Rate_Lag_5', 'Interest_Rate_Lag_20', 'Interest_Rate_Pct_Change_Lag_1', 'Interest_Rate_Pct_Change_Lag_5', 'Interest_Rate_Pct_Change_Lag_10')",0.2887845610931472,"{'const': 0.0, 'Interest_Rate_Lag_5': 9.770301393737299e-27, 'Interest_Rate_Lag_20': 4.491161520038859e-48, 'Interest_Rate_Pct_Change_Lag_1': 1.0906658066791225e-05, 'Interest_Rate_Pct_Change_Lag_5': 0.002627575108079603, 'Interest_Rate_Pct_Change_Lag_10': 0.005116948391099231}",241133.13504400814
Close,"('Interest_Rate_Lag_1', 'Interest_Rate_Lag_20')",0.28871654890952214,"{'const': 0.0, 'Interest_Rate_Lag_1': 1.780220501824415e-38, 'Interest_Rate_Lag_20': 1.1575791835723747e-67}",241128.53009570853
Close,"('Interest_Rate_Lag_5', 'Interest_Rate_Lag_20', 'Interest_Rate_Pct_Change_Lag_5', 'Interest_Rate_Pct_Change_Lag_20')",0.2885438891259232,"{'const': 0.0, 'Interest_Rate_Lag_5': 8.985056853399833e-29, 'Interest_Rate_Lag_20': 4.945452791369264e-51, 'Interest_Rate_Pct_Change_Lag_5': 0.003039551587623695, 'Interest_Rate_Pct_Change_Lag_20': 1.2968283585338558e-06}",241119.3403849858
Close,"('Interest_Rate_Lag_5', 'Interest_Rate_Lag_20', 'Interest_Rate_Pct_Change_Lag_10', 'Interest_Rate_Pct_Change_Lag_20')",0.28848474556501014,"{'const': 0.0, 'Interest_Rate_Lag_5': 6.757442576467822e-29, 'Interest_Rate_Lag_20': 3.376926122948656e-51, 'Interest_Rate_Pct_Change_Lag_10': 0.005930248403781524, 'Interest_Rate_Pct_Change_Lag_20': 1.2986970940254809e-06}",241120.55303941877
Close,"('Interest_Rate_Lag_5', 'Interest_Rate_Lag_20', 'Interest_Rate_Pct_Change_Lag_1', 'Interest_Rate_Pct_Change_Lag_5')",0.28840220238357506,"{'const': 0.0, 'Interest_Rate_Lag_5': 8.951492821743518e-29, 'Interest_Rate_Lag_20': 5.0368075551290024e-51, 'Interest_Rate_Pct_Change_Lag_1': 1.1027805501125061e-05, 'Interest_Rate_Pct_Change_Lag_5': 0.0030409951812069807}",241138.9761734059
Close,"('Interest_Rate_Lag_5', 'Interest_Rate_Lag_20', 'Interest_Rate_Pct_Change_Lag_1', 'Interest_Rate_Pct_Change_Lag_10')",0.28834306019026057,"{'const': 0.0, 'Interest_Rate_Lag_5': 6.732345871750688e-29, 'Interest_Rate_Lag_20': 3.439540833677209e-51, 'Interest_Rate_Pct_Change_Lag_1': 1.1042265237470242e-05, 'Interest_Rate_Pct_Change_Lag_10': 0.005932485780443689}",241140.18864147094
Close,"('Interest_Rate_Lag_10', 'Interest_Rate_Lag_20', 'Interest_Rate_Pct_Change_Lag_1', 'Interest_Rate_Pct_Change_Lag_5', 'Interest_Rate_Pct_Change_Lag_10', 'Interest_Rate_Pct_Change_Lag_20')",0.28821200277749404,"{'const': 0.0, 'Interest_Rate_Lag_10': 2.5662354949456284e-19, 'Interest_Rate_Lag_20': 4.996292895287552e-34, 'Interest_Rate_Pct_Change_Lag_1': 1.1005307310337016e-05, 'Interest_Rate_Pct_Change_Lag_5': 1.2292710368994024e-05, 'Interest_Rate_Pct_Change_Lag_10': 0.005833959223947339, 'Interest_Rate_Pct_Change_Lag_20': 1.2925592503027172e-06}",241130.14393767377
Close,"('Interest_Rate_Lag_5', 'Interest_Rate_Lag_20', 'Interest_Rate_Pct_Change_Lag_20')",0.28811522398149214,"{'const': 0.0, 'Interest_Rate_Lag_5': 5.542326894883535e-31, 'Interest_Rate_Lag_20': 3.3963963175113506e-54, 'Interest_Rate_Pct_Change_Lag_20': 1.3131095721779203e-06}",241126.12727135094
Close,"('Interest_Rate_Lag_5', 'Interest_Rate_Lag_20', 'Interest_Rate_Pct_Change_Lag_1')",0.28797352356802297,"{'const': 0.0, 'Interest_Rate_Lag_5': 5.521791810094314e-31, 'Interest_Rate_Lag_20': 3.462460369196735e-54, 'Interest_Rate_Pct_Change_Lag_1': 1.1160456092491094e-05}",241145.7621930645
Close,"('Interest_Rate_Lag_10', 'Interest_Rate_Lag_20', 'Interest_Rate_Pct_Change_Lag_1', 'Interest_Rate_Pct_Change_Lag_5', 'Interest_Rate_Pct_Change_Lag_20')",0.2878408474278984,"{'const': 0.0, 'Interest_Rate_Lag_10': 2.0129427724028204e-21, 'Interest_Rate_Lag_20': 4.761362921181421e-37, 'Interest_Rate_Pct_Change_Lag_1': 1.1123825826800161e-05, 'Interest_Rate_Pct_Change_Lag_5': 1.2424116638683697e-05, 'Interest_Rate_Pct_Change_Lag_20': 1.3069902320849607e-06}",241135.74873447156
Close,"('Interest_Rate_Lag_5', 'Interest_Rate_Lag_20', 'Interest_Rate_Pct_Change_Lag_5', 'Interest_Rate_Pct_Change_Lag_10')",0.2878404111924495,"{'const': 0.0, 'Interest_Rate_Lag_5': 1.0881503739864484e-26, 'Interest_Rate_Lag_20': 5.037639904319181e-48, 'Interest_Rate_Pct_Change_Lag_5': 0.002662736993329718, 'Interest_Rate_Pct_Change_Lag_10': 0.005179274961455572}",241150.48933174435
Close,"('Interest_Rate_Lag_5', 'Interest_Rate_Lag_20', 'Interest_Rate_Pct_Change_Lag_5')",0.2874586403175352,"{'const': 0.0, 'Interest_Rate_Lag_5': 1.0072937765731054e-28, 'Interest_Rate_Lag_20': 5.715215162065506e-51, 'Interest_Rate_Pct_Change_Lag_5': 0.00308051964811713}",241156.3080328315
Close,"('Interest_Rate_Lag_5', 'Interest_Rate_Lag_20', 'Interest_Rate_Pct_Change_Lag_10')",0.287399541962166,"{'const': 0.0, 'Interest_Rate_Lag_5': 7.579010981239247e-29, 'Interest_Rate_Lag_20': 3.904477919581107e-51, 'Interest_Rate_Pct_Change_Lag_10': 0.006002466824351675}",241157.5179978978
Close,"('Interest_Rate_Lag_10', 'Interest_Rate_Lag_20', 'Interest_Rate_Pct_Change_Lag_1', 'Interest_Rate_Pct_Change_Lag_10', 'Interest_Rate_Pct_Change_Lag_20')",0.28727812723622603,"{'const': 0.0, 'Interest_Rate_Lag_10': 2.7686393392111264e-19, 'Interest_Rate_Lag_20': 5.416896498605025e-34, 'Interest_Rate_Pct_Change_Lag_1': 1.1276686553269099e-05, 'Interest_Rate_Pct_Change_Lag_10': 0.005902587636940603, 'Interest_Rate_Pct_Change_Lag_20': 1.3254925495245353e-06}",241147.27104747447
Close,"('Interest_Rate_Lag_10', 'Interest_Rate_Lag_20', 'Interest_Rate_Pct_Change_Lag_5', 'Interest_Rate_Pct_Change_Lag_10', 'Interest_Rate_Pct_Change_Lag_20')",0.2872678035684759,"{'const': 0.0, 'Interest_Rate_Lag_10': 2.7706578389034846e-19, 'Interest_Rate_Lag_20': 5.422372324496165e-34, 'Interest_Rate_Pct_Change_Lag_5': 1.2596073310322837e-05, 'Interest_Rate_Pct_Change_Lag_10': 0.005903157262276758, 'Interest_Rate_Pct_Change_Lag_20': 1.325799206453369e-06}",241147.48235090176
Close,"('Interest_Rate_Lag_10', 'Interest_Rate_Lag_20', 'Interest_Rate_Pct_Change_Lag_1', 'Interest_Rate_Pct_Change_Lag_5', 'Interest_Rate_Pct_Change_Lag_10')",0.2871257911724334,"{'const': 0.0, 'Interest_Rate_Lag_10': 2.7638441493531074e-19, 'Interest_Rate_Lag_20': 5.488569278974369e-34, 'Interest_Rate_Pct_Change_Lag_1': 1.1284724379546004e-05, 'Interest_Rate_Pct_Change_Lag_5': 1.2602209904632349e-05, 'Interest_Rate_Pct_Change_Lag_10': 0.005905385488341525}",241167.12139501644
Close,"('Interest_Rate_Lag_5', 'Interest_Rate_Lag_20')",0.28703057395752873,"{'const': 0.0, 'Interest_Rate_Lag_5': 6.282476926357378e-31, 'Interest_Rate_Lag_20': 3.9772064916316727e-54}",241163.0698891098
Close,"('Interest_Rate_Lag_10', 'Interest_Rate_Lag_20', 'Interest_Rate_Pct_Change_Lag_1', 'Interest_Rate_Pct_Change_Lag_20')",0.28690754149045095,"{'const': 0.0, 'Interest_Rate_Lag_10': 2.1949035177135924e-21, 'Interest_Rate_Lag_20': 5.223707894840069e-37, 'Interest_Rate_Pct_Change_Lag_1': 1.1397622862880708e-05, 'Interest_Rate_Pct_Change_Lag_20': 1.3402308330583324e-06}",241152.8542297479
Close,"('Interest_Rate_Lag_10', 'Interest_Rate_Lag_20', 'Interest_Rate_Pct_Change_Lag_5', 'Interest_Rate_Pct_Change_Lag_20')",0.28689722096170056,"{'const': 0.0, 'Interest_Rate_Lag_10': 2.1967118476436358e-21, 'Interest_Rate_Lag_20': 5.229600679910197e-37, 'Interest_Rate_Pct_Change_Lag_5': 1.2730158532810196e-05, 'Interest_Rate_Pct_Change_Lag_20': 1.3405404192810242e-06}",241153.06535914936
Close,"('Interest_Rate_Lag_10', 'Interest_Rate_Lag_20', 'Interest_Rate_Pct_Change_Lag_1', 'Interest_Rate_Pct_Change_Lag_5')",0.28675519342430167,"{'const': 0.0, 'Interest_Rate_Lag_10': 2.1913321740705026e-21, 'Interest_Rate_Lag_20': 5.29826598407243e-37, 'Interest_Rate_Pct_Change_Lag_1': 1.1405739136635013e-05, 'Interest_Rate_Pct_Change_Lag_5': 1.2736356298613006e-05}",241172.70372245306
Close,"('Interest_Rate_Lag_10', 'Interest_Rate_Lag_20', 'Interest_Rate_Pct_Change_Lag_10', 'Interest_Rate_Pct_Change_Lag_20')",0.2863350305661516,"{'const': 0.0, 'Interest_Rate_Lag_10': 2.9883027169423742e-19, 'Interest_Rate_Lag_20': 5.876987430262771e-34, 'Interest_Rate_Pct_Change_Lag_10': 0.00597232332378465, 'Interest_Rate_Pct_Change_Lag_20': 1.3594463628812642e-06}",241164.56160151045
Close,"('Interest_Rate_Lag_10', 'Interest_Rate_Lag_20', 'Interest_Rate_Pct_Change_Lag_1', 'Interest_Rate_Pct_Change_Lag_10')",0.2861929418335257,"{'const': 0.0, 'Interest_Rate_Lag_10': 2.9809446124847564e-19, 'Interest_Rate_Lag_20': 5.948562956023663e-34, 'Interest_Rate_Pct_Change_Lag_1': 1.1561866638086813e-05, 'Interest_Rate_Pct_Change_Lag_10': 0.005974575752418481}",241184.1997151145
Close,"('Interest_Rate_Lag_10', 'Interest_Rate_Lag_20', 'Interest_Rate_Pct_Change_Lag_5', 'Interest_Rate_Pct_Change_Lag_10')",0.2861826242490433,"{'const': 0.0, 'Interest_Rate_Lag_10': 2.9831101415388474e-19, 'Interest_Rate_Lag_20': 5.954555421844897e-34, 'Interest_Rate_Pct_Change_Lag_5': 1.2911951624876807e-05, 'Interest_Rate_Pct_Change_Lag_10': 0.005975150102628697}",241184.41058743699
Close,"('Interest_Rate_Lag_10', 'Interest_Rate_Lag_20', 'Interest_Rate_Pct_Change_Lag_20')",0.285965016453645,"{'const': 0.0, 'Interest_Rate_Lag_10': 2.3944776043596027e-21, 'Interest_Rate_Lag_20': 5.7353473009807535e-37, 'Interest_Rate_Pct_Change_Lag_20': 1.3745001177506722e-06}",241170.12308665703
Close,"('Interest_Rate_Lag_10', 'Interest_Rate_Lag_20', 'Interest_Rate_Pct_Change_Lag_1')",0.28582291271416316,"{'const': 0.0, 'Interest_Rate_Lag_10': 2.3886056432567206e-21, 'Interest_Rate_Lag_20': 5.810474270164809e-37, 'Interest_Rate_Pct_Change_Lag_1': 1.1685338961151593e-05}",241189.76052026826
Close,"('Interest_Rate_Lag_10', 'Interest_Rate_Lag_20', 'Interest_Rate_Pct_Change_Lag_5')",0.2858125982649007,"{'const': 0.0, 'Interest_Rate_Lag_10': 2.390566502431665e-21, 'Interest_Rate_Lag_20': 5.817006215469068e-37, 'Interest_Rate_Pct_Change_Lag_5': 1.3048820476706915e-05}",241189.97121929005
Close,"('Interest_Rate_Lag_10', 'Interest_Rate_Lag_20', 'Interest_Rate_Pct_Change_Lag_10')",0.2852508757538259,"{'const': 0.0, 'Interest_Rate_Lag_10': 3.216489992552346e-19, 'Interest_Rate_Lag_20': 6.45157672754908e-34, 'Interest_Rate_Pct_Change_Lag_10': 0.006044879655574192}",241201.44124610675
Close,"('Interest_Rate_Lag_10', 'Interest_Rate_Lag_20')",0.28488141729118377,"{'const': 0.0, 'Interest_Rate_Lag_10': 2.6049032471646003e-21, 'Interest_Rate_Lag_20': 6.377080418407832e-37}",241206.98044655897
Close,"('Interest_Rate_Lag_20', 'Interest_Rate_Pct_Change_Lag_1', 'Interest_Rate_Pct_Change_Lag_5', 'Interest_Rate_Pct_Change_Lag_10', 'Interest_Rate_Pct_Change_Lag_20')",0.2842592051502618,"{'const': 0.0, 'Interest_Rate_Lag_20': 0.0, 'Interest_Rate_Pct_Change_Lag_1': 1.194025383826116e-05, 'Interest_Rate_Pct_Change_Lag_5': 1.3327571030456108e-05, 'Interest_Rate_Pct_Change_Lag_10': 3.3960445055514117e-05, 'Interest_Rate_Pct_Change_Lag_20': 1.401382821122005e-06}",241208.93188322015
Close,"('Interest_Rate_Lag_1', 'Interest_Rate_Lag_10', 'Interest_Rate_Pct_Change_Lag_1', 'Interest_Rate_Pct_Change_Lag_5', 'Interest_Rate_Pct_Change_Lag_10', 'Interest_Rate_Pct_Change_Lag_20')",0.28381966338070175,"{'const': 0.0, 'Interest_Rate_Lag_1': 2.3685931646674308e-14, 'Interest_Rate_Lag_10': 3.663179743714099e-26, 'Interest_Rate_Pct_Change_Lag_1': 0.0019199053049722705, 'Interest_Rate_Pct_Change_Lag_5': 0.0020794802882682, 'Interest_Rate_Pct_Change_Lag_10': 3.510540216568028e-06, 'Interest_Rate_Pct_Change_Lag_20': 1.3594631698890623e-06}",241219.8877333642
Close,"('Interest_Rate_Lag_20', 'Interest_Rate_Pct_Change_Lag_1', 'Interest_Rate_Pct_Change_Lag_5', 'Interest_Rate_Pct_Change_Lag_20')",0.2834153107271685,"{'const': 0.0, 'Interest_Rate_Lag_20': 0.0, 'Interest_Rate_Pct_Change_Lag_1': 1.2209151979043673e-05, 'Interest_Rate_Pct_Change_Lag_5': 1.3625362788518893e-05, 'Interest_Rate_Pct_Change_Lag_20': 1.4338511917468652e-06}",241224.1217376283
Close,"('Interest_Rate_Lag_1', 'Interest_Rate_Lag_10', 'Interest_Rate_Pct_Change_Lag_1', 'Interest_Rate_Pct_Change_Lag_10', 'Interest_Rate_Pct_Change_Lag_20')",0.2833539605683706,"{'const': 0.0, 'Interest_Rate_Lag_1': 1.93035752324597e-16, 'Interest_Rate_Lag_10': 3.341496280165862e-29, 'Interest_Rate_Pct_Change_Lag_1': 0.0025169032372372364, 'Interest_Rate_Pct_Change_Lag_10': 3.5553578279729976e-06, 'Interest_Rate_Pct_Change_Lag_20': 1.3778740354647398e-06}",241227.37063091417
Close,"('Interest_Rate_Lag_1', 'Interest_Rate_Lag_10', 'Interest_Rate_Pct_Change_Lag_5', 'Interest_Rate_Pct_Change_Lag_10', 'Interest_Rate_Pct_Change_Lag_20')",0.2833467571564323,"{'const': 0.0, 'Interest_Rate_Lag_1': 1.8699982427769587e-16, 'Interest_Rate_Lag_10': 3.201108838428989e-29, 'Interest_Rate_Pct_Change_Lag_5': 0.002726970189908512, 'Interest_Rate_Pct_Change_Lag_10': 3.555927096661923e-06, 'Interest_Rate_Pct_Change_Lag_20': 1.3781097858799529e-06}",241227.51726236043
Close,"('Interest_Rate_Lag_20', 'Interest_Rate_Pct_Change_Lag_1', 'Interest_Rate_Pct_Change_Lag_10', 'Interest_Rate_Pct_Change_Lag_20')",0.2833277889017207,"{'const': 0.0, 'Interest_Rate_Lag_20': 0.0, 'Interest_Rate_Pct_Change_Lag_1': 1.2230982791753029e-05, 'Interest_Rate_Pct_Change_Lag_10': 3.472485602687612e-05, 'Interest_Rate_Pct_Change_Lag_20': 1.4366560222328827e-06}",241225.90336992446
Close,"('Interest_Rate_Lag_20', 'Interest_Rate_Pct_Change_Lag_5', 'Interest_Rate_Pct_Change_Lag_10', 'Interest_Rate_Pct_Change_Lag_20')",0.28331747879673685,"{'const': 0.0, 'Interest_Rate_Lag_20': 0.0, 'Interest_Rate_Pct_Change_Lag_5': 1.3652335533989149e-05, 'Interest_Rate_Pct_Change_Lag_10': 3.4731494995759134e-05, 'Interest_Rate_Pct_Change_Lag_20': 1.4369845744398065e-06}",241226.11323257483
Close,"('Interest_Rate_Lag_1', 'Interest_Rate_Lag_10', 'Interest_Rate_Pct_Change_Lag_1', 'Interest_Rate_Pct_Change_Lag_5', 'Interest_Rate_Pct_Change_Lag_10')",0.28326061083189247,"{'const': 0.0, 'Interest_Rate_Lag_1': 2.455040855306893e-14, 'Interest_Rate_Lag_10': 3.784689811418104e-26, 'Interest_Rate_Pct_Change_Lag_1': 0.001941686286472855, 'Interest_Rate_Pct_Change_Lag_5': 0.002102845781648609, 'Interest_Rate_Pct_Change_Lag_10': 3.5754287720983315e-06}",241396.6076405368
Close,"('Interest_Rate_Lag_20', 'Interest_Rate_Pct_Change_Lag_1', 'Interest_Rate_Pct_Change_Lag_5', 'Interest_Rate_Pct_Change_Lag_10')",0.28317471181965903,"{'const': 0.0, 'Interest_Rate_Lag_20': 0.0, 'Interest_Rate_Pct_Change_Lag_1': 1.2239632584330728e-05, 'Interest_Rate_Pct_Change_Lag_5': 1.3658946989376497e-05, 'Interest_Rate_Pct_Change_Lag_10': 3.474419857845925e-05}",241245.75714195977
Close,"('Interest_Rate_Lag_1', 'Interest_Rate_Lag_10', 'Interest_Rate_Pct_Change_Lag_10', 'Interest_Rate_Pct_Change_Lag_20')",0.28290518761296624,"{'const': 0.0, 'Interest_Rate_Lag_1': 1.2242884062749483e-18, 'Interest_Rate_Lag_10': 2.3491485474964368e-32, 'Interest_Rate_Pct_Change_Lag_10': 3.5987621587079043e-06, 'Interest_Rate_Pct_Change_Lag_20': 1.3957183729776801e-06}",241234.50296480692
Close,"('Interest_Rate_Lag_1', 'Interest_Rate_Lag_10', 'Interest_Rate_Pct_Change_Lag_1', 'Interest_Rate_Pct_Change_Lag_10')",0.2827959034214087,"{'const': 0.0, 'Interest_Rate_Lag_1': 2.016027633207783e-16, 'Interest_Rate_Lag_10': 3.4811646723657414e-29, 'Interest_Rate_Pct_Change_Lag_1': 0.0025440510384478264, 'Interest_Rate_Pct_Change_Lag_10': 3.6209098545253877e-06}",241404.06937885933
Close,"('Interest_Rate_Lag_1', 'Interest_Rate_Lag_10', 'Interest_Rate_Pct_Change_Lag_5', 'Interest_Rate_Pct_Change_Lag_10')",0.2827887106467222,"{'const': 0.0, 'Interest_Rate_Lag_1': 1.9530512596337304e-16, 'Interest_Rate_Lag_10': 3.3350092684029315e-29, 'Interest_Rate_Pct_Change_Lag_5': 0.0027560879278619114, 'Interest_Rate_Pct_Change_Lag_10': 3.62148776622386e-06}",241404.21578014016
Close,"('Interest_Rate_Lag_1', 'Interest_Rate_Lag_10', 'Interest_Rate_Pct_Change_Lag_1', 'Interest_Rate_Pct_Change_Lag_5', 'Interest_Rate_Pct_Change_Lag_20')",0.2827620821143785,"{'const': 0.0, 'Interest_Rate_Lag_1': 2.4892156195612013e-14, 'Interest_Rate_Lag_10': 3.9045675872562233e-26, 'Interest_Rate_Pct_Change_Lag_1': 0.001946697055330016, 'Interest_Rate_Pct_Change_Lag_5': 0.002108189982764275, 'Interest_Rate_Pct_Change_Lag_20': 1.3947744335495743e-06}",241239.41389750235
Close,"('Interest_Rate_Lag_5', 'Interest_Rate_Lag_10', 'Interest_Rate_Pct_Change_Lag_1', 'Interest_Rate_Pct_Change_Lag_5', 'Interest_Rate_Pct_Change_Lag_10', 'Interest_Rate_Pct_Change_Lag_20')",0.28261658363048425,"{'const': 0.0, 'Interest_Rate_Lag_5': 6.342274143270666e-09, 'Interest_Rate_Lag_10': 1.0751254082206525e-15, 'Interest_Rate_Pct_Change_Lag_1': 1.1647467392235377e-05, 'Interest_Rate_Pct_Change_Lag_5': 0.0025192881584539155, 'Interest_Rate_Pct_Change_Lag_10': 3.58911024047104e-06, 'Interest_Rate_Pct_Change_Lag_20': 1.3921947675838517e-06}",241244.37291092228
Close,"('Interest_Rate_Lag_20', 'Interest_Rate_Pct_Change_Lag_1', 'Interest_Rate_Pct_Change_Lag_20')",0.2824849347106003,"{'const': 0.0, 'Interest_Rate_Lag_20': 0.0, 'Interest_Rate_Pct_Change_Lag_1': 1.2505331869197032e-05, 'Interest_Rate_Pct_Change_Lag_20': 1.4698113294204998e-06}",241241.04974760895
Close,"('Interest_Rate_Lag_20', 'Interest_Rate_Pct_Change_Lag_5', 'Interest_Rate_Pct_Change_Lag_20')",0.28247463034690345,"{'const': 0.0, 'Interest_Rate_Lag_20': 0.0, 'Interest_Rate_Pct_Change_Lag_5': 1.3956159906606268e-05, 'Interest_Rate_Pct_Change_Lag_20': 1.470146395664548e-06}",241241.2592470125
Close,"('Interest_Rate_Lag_20', 'Interest_Rate_Pct_Change_Lag_10', 'Interest_Rate_Pct_Change_Lag_20')",0.2823871614244998,"{'const': 0.0, 'Interest_Rate_Lag_20': 0.0, 'Interest_Rate_Pct_Change_Lag_10': 3.551013841065907e-05, 'Interest_Rate_Pct_Change_Lag_20': 1.4730122175382997e-06}",241243.0374682797
Close,"('Interest_Rate_Lag_1', 'Interest_Rate_Lag_10', 'Interest_Rate_Pct_Change_Lag_10')",0.28234808485593843,"{'const': 0.0, 'Interest_Rate_Lag_1': 1.288971794838947e-18, 'Interest_Rate_Lag_10': 2.4689598594127815e-32, 'Interest_Rate_Pct_Change_Lag_10': 3.6649549945561373e-06}",241411.18145084087
Close,"('Interest_Rate_Lag_20', 'Interest_Rate_Pct_Change_Lag_1', 'Interest_Rate_Pct_Change_Lag_5')",0.2823317874925879,"{'const': 0.0, 'Interest_Rate_Lag_20': 0.0, 'Interest_Rate_Pct_Change_Lag_1': 1.251415914609309e-05, 'Interest_Rate_Pct_Change_Lag_5': 1.3962910099022626e-05}",241260.90246108058
Close,"('Interest_Rate_Lag_1', 'Interest_Rate_Lag_10', 'Interest_Rate_Pct_Change_Lag_1', 'Interest_Rate_Pct_Change_Lag_20')",0.2822969616049631,"{'const': 0.0, 'Interest_Rate_Lag_1': 2.048842688644067e-16, 'Interest_Rate_Lag_10': 3.6046937906393837e-29, 'Interest_Rate_Pct_Change_Lag_1': 0.002550303803240385, 'Interest_Rate_Pct_Change_Lag_20': 1.4135888613692814e-06}",241246.87098101404
Close,"('Interest_Rate_Lag_1', 'Interest_Rate_Lag_10', 'Interest_Rate_Pct_Change_Lag_5', 'Interest_Rate_Pct_Change_Lag_20')",0.2822897626800053,"{'const': 0.0, 'Interest_Rate_Lag_1': 1.9848740488168558e-16, 'Interest_Rate_Lag_10': 3.453434387163406e-29, 'Interest_Rate_Pct_Change_Lag_5': 0.0027627536598686677, 'Interest_Rate_Pct_Change_Lag_20': 1.4138298697134372e-06}",241247.01730530837
Close,"('Interest_Rate_Lag_1', 'Interest_Rate_Lag_10', 'Interest_Rate_Pct_Change_Lag_1', 'Interest_Rate_Pct_Change_Lag_5')",0.28226350963024094,"{'const': 0.0, 'Interest_Rate_Lag_1': 2.574925475596748e-14, 'Interest_Rate_Lag_10': 4.01802187101388e-26, 'Interest_Rate_Pct_Change_Lag_1': 0.0019680005349545647, 'Interest_Rate_Pct_Change_Lag_5': 0.0021310435799528}",241431.63528468602
Close,"('Interest_Rate_Lag_20', 'Interest_Rate_Pct_Change_Lag_1', 'Interest_Rate_Pct_Change_Lag_10')",0.28224431842880426,"{'const': 0.0, 'Interest_Rate_Lag_20': 0.0, 'Interest_Rate_Pct_Change_Lag_1': 1.2536450710779304e-05, 'Interest_Rate_Pct_Change_Lag_10': 3.5523104727388124e-05}",241262.68045318226
Close,"('Interest_Rate_Lag_20', 'Interest_Rate_Pct_Change_Lag_5', 'Interest_Rate_Pct_Change_Lag_10')",0.28223401439553253,"{'const': 0.0, 'Interest_Rate_Lag_20': 0.0, 'Interest_Rate_Pct_Change_Lag_5': 1.3990446475918214e-05, 'Interest_Rate_Pct_Change_Lag_10': 3.5529870560408644e-05}",241262.88988999516
Close,"('Interest_Rate_Lag_5', 'Interest_Rate_Lag_10', 'Interest_Rate_Pct_Change_Lag_1', 'Interest_Rate_Pct_Change_Lag_10', 'Interest_Rate_Pct_Change_Lag_20')",0.28216740340549007,"{'const': 0.0, 'Interest_Rate_Lag_5': 4.133146134173354e-11, 'Interest_Rate_Lag_10': 7.854240884299043e-19, 'Interest_Rate_Pct_Change_Lag_1': 1.179265198838707e-05, 'Interest_Rate_Pct_Change_Lag_10': 3.6331299502165567e-06, 'Interest_Rate_Pct_Change_Lag_20': 1.410305979949907e-06}",241251.5041375488
Close,"('Interest_Rate_Lag_5', 'Interest_Rate_Lag_10', 'Interest_Rate_Pct_Change_Lag_1', 'Interest_Rate_Pct_Change_Lag_5', 'Interest_Rate_Pct_Change_Lag_10')",0.28205895203050324,"{'const': 0.0, 'Interest_Rate_Lag_5': 6.477422836846601e-09, 'Interest_Rate_Lag_10': 1.096073407246534e-15, 'Interest_Rate_Pct_Change_Lag_1': 1.1870166587078594e-05, 'Interest_Rate_Pct_Change_Lag_5': 0.002546598987225598, 'Interest_Rate_Pct_Change_Lag_10': 3.6551239262209495e-06}",241421.06161485845
Close,"('Interest_Rate_Lag_1', 'Interest_Rate_Lag_10', 'Interest_Rate_Pct_Change_Lag_20')",0.28184874522989434,"{'const': 0.0, 'Interest_Rate_Lag_1': 1.313178076569344e-18, 'Interest_Rate_Lag_10': 2.5663655603507513e-32, 'Interest_Rate_Pct_Change_Lag_20': 1.431823454663975e-06}",241253.9785634798
Close,"('Interest_Rate_Lag_1', 'Interest_Rate_Lag_10', 'Interest_Rate_Pct_Change_Lag_1')",0.28179942185081974,"{'const': 0.0, 'Interest_Rate_Lag_1': 2.1347798054225043e-16, 'Interest_Rate_Lag_10': 3.738528813350967e-29, 'Interest_Rate_Pct_Change_Lag_1': 0.0025768380258719306}",241439.0719346287
Close,"('Interest_Rate_Lag_1', 'Interest_Rate_Lag_10', 'Interest_Rate_Pct_Change_Lag_5')",0.2817922341497665,"{'const': 0.0, 'Interest_Rate_Lag_1': 2.0681887485251662e-16, 'Interest_Rate_Lag_10': 3.5817498593971874e-29, 'Interest_Rate_Pct_Change_Lag_5': 0.0027912139665026282}",241439.21803966648
Close,"('Interest_Rate_Lag_5', 'Interest_Rate_Lag_10', 'Interest_Rate_Pct_Change_Lag_5', 'Interest_Rate_Pct_Change_Lag_10', 'Interest_Rate_Pct_Change_Lag_20')",0.2816702963956881,"{'const': 0.0, 'Interest_Rate_Lag_5': 6.5481285554139035e-09, 'Interest_Rate_Lag_10': 1.1118214220165268e-15, 'Interest_Rate_Pct_Change_Lag_5': 0.002553034006793191, 'Interest_Rate_Pct_Change_Lag_10': 3.6749983436646197e-06, 'Interest_Rate_Pct_Change_Lag_20': 1.4276601636768377e-06}",241261.60299245897
Close,"('Interest_Rate_Lag_5', 'Interest_Rate_Lag_10', 'Interest_Rate_Pct_Change_Lag_1', 'Interest_Rate_Pct_Change_Lag_10')",0.2816107327341789,"{'const': 0.0, 'Interest_Rate_Lag_5': 4.25505050250689e-11, 'Interest_Rate_Lag_10': 8.0775477381360635e-19, 'Interest_Rate_Pct_Change_Lag_1': 1.2017578582988188e-05, 'Interest_Rate_Pct_Change_Lag_10': 3.6997915362944222e-06}",241428.1724794426
Close,"('Interest_Rate_Lag_5', 'Interest_Rate_Lag_10', 'Interest_Rate_Pct_Change_Lag_1', 'Interest_Rate_Pct_Change_Lag_5', 'Interest_Rate_Pct_Change_Lag_20')",0.2815593172415789,"{'const': 0.0, 'Interest_Rate_Lag_5': 6.53068193034252e-09, 'Interest_Rate_Lag_10': 1.1160398394027817e-15, 'Interest_Rate_Pct_Change_Lag_1': 1.1928420294897067e-05, 'Interest_Rate_Pct_Change_Lag_5': 0.0025528680841662705, 'Interest_Rate_Pct_Change_Lag_20': 1.428236104393931e-06}",241263.85660781566
Close,"('Interest_Rate_Lag_20', 'Interest_Rate_Pct_Change_Lag_20')",0.2815453513391828,"{'const': 0.0, 'Interest_Rate_Lag_20': 0.0, 'Interest_Rate_Pct_Change_Lag_20': 1.5068726382352545e-06}",241258.14018391154
Close,"('Interest_Rate_Lag_20', 'Interest_Rate_Pct_Change_Lag_1')",0.28140243270590637,"{'const': 0.0, 'Interest_Rate_Lag_20': 0.0, 'Interest_Rate_Pct_Change_Lag_1': 1.281651755666929e-05}",241277.78247488558
Close,"('Interest_Rate_Lag_20', 'Interest_Rate_Pct_Change_Lag_5')",0.28139213440785227,"{'const': 0.0, 'Interest_Rate_Lag_20': 0.0, 'Interest_Rate_Pct_Change_Lag_5': 1.4300539824360306e-05}",241277.99154989584
Close,"('Interest_Rate_Lag_1', 'Interest_Rate_Lag_10')",0.28135219584277327,"{'const': 0.0, 'Interest_Rate_Lag_1': 1.3788346207356631e-18, 'Interest_Rate_Lag_10': 2.683759791825358e-32}",241446.15995363294
Close,"('Interest_Rate_Lag_20', 'Interest_Rate_Pct_Change_Lag_10')",0.28130471819268976,"{'const': 0.0, 'Interest_Rate_Lag_20': 0.0, 'Interest_Rate_Pct_Change_Lag_10': 3.632321410482315e-05}",241279.76614444383
Close,"('Interest_Rate_Lag_5', 'Interest_Rate_Lag_10', 'Interest_Rate_Pct_Change_Lag_10', 'Interest_Rate_Pct_Change_Lag_20')",0.2812217543558242,"{'const': 0.0, 'Interest_Rate_Lag_5': 4.313736407998432e-11, 'Interest_Rate_Lag_10': 8.220984418325767e-19, 'Interest_Rate_Pct_Change_Lag_10': 3.7198903296341826e-06, 'Interest_Rate_Pct_Change_Lag_20': 1.4461580346943885e-06}",241268.70924156636
Close,"('Interest_Rate_Lag_5', 'Interest_Rate_Lag_10', 'Interest_Rate_Pct_Change_Lag_5', 'Interest_Rate_Pct_Change_Lag_10')",0.2811144248760651,"{'const': 0.0, 'Interest_Rate_Lag_5': 6.68669727507057e-09, 'Interest_Rate_Lag_10': 1.1333257693378919e-15, 'Interest_Rate_Pct_Change_Lag_5': 0.0025805883127447784, 'Interest_Rate_Pct_Change_Lag_10': 3.742272330453531e-06}",241438.25420102716
Close,"('Interest_Rate_Lag_5', 'Interest_Rate_Lag_10', 'Interest_Rate_Pct_Change_Lag_1', 'Interest_Rate_Pct_Change_Lag_20')",0.2811107000428882,"{'const': 0.0, 'Interest_Rate_Lag_5': 4.300357549376912e-11, 'Interest_Rate_Lag_10': 8.255836255400585e-19, 'Interest_Rate_Pct_Change_Lag_1': 1.2076519266254238e-05, 'Interest_Rate_Pct_Change_Lag_20': 1.44674278017064e-06}",241270.96297585324
Close,"('Interest_Rate_Lag_5', 'Interest_Rate_Lag_10', 'Interest_Rate_Pct_Change_Lag_1', 'Interest_Rate_Pct_Change_Lag_5')",0.28106227223615554,"{'const': 0.0, 'Interest_Rate_Lag_5': 6.661996644343478e-09, 'Interest_Rate_Lag_10': 1.13515803026742e-15, 'Interest_Rate_Pct_Change_Lag_1': 1.2147499565496308e-05, 'Interest_Rate_Pct_Change_Lag_5': 0.002579566062504301}",241456.04843080026
Close,"('Interest_Rate_Lag_10', 'Interest_Rate_Pct_Change_Lag_1', 'Interest_Rate_Pct_Change_Lag_5', 'Interest_Rate_Pct_Change_Lag_10', 'Interest_Rate_Pct_Change_Lag_20')",0.28095525437256286,"{'const': 0.0, 'Interest_Rate_Lag_10': 0.0, 'Interest_Rate_Pct_Change_Lag_1': 1.2039110722968105e-05, 'Interest_Rate_Pct_Change_Lag_5': 1.3433971194798224e-05, 'Interest_Rate_Pct_Change_Lag_10': 3.698922157675214e-06, 'Interest_Rate_Pct_Change_Lag_20': 1.4379996604920498e-06}",241276.11700291658
Close,"('Interest_Rate_Lag_5', 'Interest_Rate_Lag_10', 'Interest_Rate_Pct_Change_Lag_10')",0.2806668420539329,"{'const': 0.0, 'Interest_Rate_Lag_5': 4.440133583026397e-11, 'Interest_Rate_Lag_10': 8.453171572399332e-19, 'Interest_Rate_Pct_Change_Lag_10': 3.787821531509018e-06}",241445.34018231524
Close,"('Interest_Rate_Lag_1', 'Interest_Rate_Lag_5', 'Interest_Rate_Pct_Change_Lag_1', 'Interest_Rate_Pct_Change_Lag_5', 'Interest_Rate_Pct_Change_Lag_10', 'Interest_Rate_Pct_Change_Lag_20')",0.280649229214181,"{'const': 0.0, 'Interest_Rate_Lag_1': 8.004106059126936e-07, 'Interest_Rate_Lag_5': 5.3696252872814285e-12, 'Interest_Rate_Pct_Change_Lag_1': 0.0020814345500426846, 'Interest_Rate_Pct_Change_Lag_5': 1.3052858179651603e-06, 'Interest_Rate_Pct_Change_Lag_10': 3.6568399228681055e-06, 'Interest_Rate_Pct_Change_Lag_20': 1.421355783622694e-06}",241284.3243291031
Close,"('Interest_Rate_Lag_5', 'Interest_Rate_Lag_10', 'Interest_Rate_Pct_Change_Lag_1')",0.28061465190674284,"{'const': 0.0, 'Interest_Rate_Lag_5': 4.420417877659014e-11, 'Interest_Rate_Lag_10': 8.4665720252006715e-19, 'Interest_Rate_Pct_Change_Lag_1': 1.2297768053706541e-05}",241463.1351367146
Close,"('Interest_Rate_Lag_5', 'Interest_Rate_Lag_10', 'Interest_Rate_Pct_Change_Lag_5', 'Interest_Rate_Pct_Change_Lag_20')",0.2806139451687025,"{'const': 0.0, 'Interest_Rate_Lag_5': 6.741886747792463e-09, 'Interest_Rate_Lag_10': 1.1539777061903967e-15, 'Interest_Rate_Pct_Change_Lag_5': 0.002586933715229994, 'Interest_Rate_Pct_Change_Lag_20': 1.4644808344395507e-06}",241281.0398507279
Close,"('Interest_Rate_Lag_20',)",0.28046387494545155,"{'const': 0.0, 'Interest_Rate_Lag_20': 0.0}",241294.8246838041
Close,"('Interest_Rate_Lag_10', 'Interest_Rate_Pct_Change_Lag_1', 'Interest_Rate_Pct_Change_Lag_5', 'Interest_Rate_Pct_Change_Lag_10')",0.2803996090557589,"{'const': 0.0, 'Interest_Rate_Lag_10': 0.0, 'Interest_Rate_Pct_Change_Lag_1': 1.2267503505619574e-05, 'Interest_Rate_Pct_Change_Lag_5': 1.3686912589957669e-05, 'Interest_Rate_Pct_Change_Lag_10': 3.766498630146212e-06}",241452.76234702213
Close,"('Interest_Rate_Lag_1', 'Interest_Rate_Lag_5', 'Interest_Rate_Pct_Change_Lag_5', 'Interest_Rate_Pct_Change_Lag_10', 'Interest_Rate_Pct_Change_Lag_20')",0.2801815498729793,"{'const': 0.0, 'Interest_Rate_Lag_1': 5.419739909673523e-09, 'Interest_Rate_Lag_5': 4.080782479389021e-15, 'Interest_Rate_Pct_Change_Lag_5': 1.3229223527193432e-06, 'Interest_Rate_Pct_Change_Lag_10': 3.7031774219118116e-06, 'Interest_Rate_Pct_Change_Lag_20': 1.440462266971123e-06}",241291.80550250574
Close,"('Interest_Rate_Lag_5', 'Interest_Rate_Lag_10', 'Interest_Rate_Pct_Change_Lag_20')",0.2801659652033034,"{'const': 0.0, 'Interest_Rate_Lag_5': 4.487565372314572e-11, 'Interest_Rate_Lag_10': 8.639790638015402e-19, 'Interest_Rate_Pct_Change_Lag_20': 1.4833809476494643e-06}",241288.12134145107
Close,"('Interest_Rate_Lag_5', 'Interest_Rate_Lag_10', 'Interest_Rate_Pct_Change_Lag_5')",0.28011873815358024,"{'const': 0.0, 'Interest_Rate_Lag_5': 6.876443628685673e-09, 'Interest_Rate_Lag_10': 1.173582977003644e-15, 'Interest_Rate_Pct_Change_Lag_5': 0.002613866326175598}",241473.19560100793
Close,"('Interest_Rate_Lag_1', 'Interest_Rate_Lag_5', 'Interest_Rate_Pct_Change_Lag_1', 'Interest_Rate_Pct_Change_Lag_5', 'Interest_Rate_Pct_Change_Lag_10')",0.28009199290314757,"{'const': 0.0, 'Interest_Rate_Lag_1': 8.126092948470613e-07, 'Interest_Rate_Lag_5': 5.4421796773890284e-12, 'Interest_Rate_Pct_Change_Lag_1': 0.0021045836153520962, 'Interest_Rate_Pct_Change_Lag_5': 1.3308168342612384e-06, 'Interest_Rate_Pct_Change_Lag_10': 3.7239054293714732e-06}",241461.00139456126
Close,"('Interest_Rate_Lag_10', 'Interest_Rate_Pct_Change_Lag_1', 'Interest_Rate_Pct_Change_Lag_10', 'Interest_Rate_Pct_Change_Lag_20')",0.2800202876875326,"{'const': 0.0, 'Interest_Rate_Lag_10': 0.0, 'Interest_Rate_Pct_Change_Lag_1': 1.2331976598137324e-05, 'Interest_Rate_Pct_Change_Lag_10': 3.7861984788096954e-06, 'Interest_Rate_Pct_Change_Lag_20': 1.474115490625133e-06}",241293.07331160916
Close,"('Interest_Rate_Lag_10', 'Interest_Rate_Pct_Change_Lag_5', 'Interest_Rate_Pct_Change_Lag_10', 'Interest_Rate_Pct_Change_Lag_20')",0.28000995800678097,"{'const': 0.0, 'Interest_Rate_Lag_10': 0.0, 'Interest_Rate_Pct_Change_Lag_5': 1.37610264259179e-05, 'Interest_Rate_Pct_Change_Lag_10': 3.787003687299142e-06, 'Interest_Rate_Pct_Change_Lag_20': 1.4744511536584616e-06}",241293.28260681464
Close,"('Interest_Rate_Lag_10', 'Interest_Rate_Pct_Change_Lag_1', 'Interest_Rate_Pct_Change_Lag_5', 'Interest_Rate_Pct_Change_Lag_20')",0.27989846604403523,"{'const': 0.0, 'Interest_Rate_Lag_10': 0.0, 'Interest_Rate_Pct_Change_Lag_1': 1.2328102828575495e-05, 'Interest_Rate_Pct_Change_Lag_5': 1.3753762147060886e-05, 'Interest_Rate_Pct_Change_Lag_20': 1.4750563723563355e-06}",241295.5414142168
Close,"('Interest_Rate_Lag_5', 'Interest_Rate_Lag_10')",0.27967175327703375,"{'const': 0.0, 'Interest_Rate_Lag_5': 4.611980217594739e-11, 'Interest_Rate_Lag_10': 8.858723509992489e-19}",241480.25752204566
Close,"('Interest_Rate_Lag_1', 'Interest_Rate_Lag_5', 'Interest_Rate_Pct_Change_Lag_5', 'Interest_Rate_Pct_Change_Lag_10')",0.27962530588400236,"{'const': 0.0, 'Interest_Rate_Lag_1': 5.545761601674854e-09, 'Interest_Rate_Lag_5': 4.1716351850266644e-15, 'Interest_Rate_Pct_Change_Lag_5': 1.3487335711054696e-06, 'Interest_Rate_Pct_Change_Lag_10': 3.7709231107465536e-06}",241468.46161697202
Close,"('Interest_Rate_Lag_1', 'Interest_Rate_Lag_5', 'Interest_Rate_Pct_Change_Lag_1', 'Interest_Rate_Pct_Change_Lag_5', 'Interest_Rate_Pct_Change_Lag_20')",0.2795908345699678,"{'const': 0.0, 'Interest_Rate_Lag_1': 8.174064973261015e-07, 'Interest_Rate_Lag_5': 5.5157629138060766e-12, 'Interest_Rate_Pct_Change_Lag_1': 0.0021099544618159386, 'Interest_Rate_Pct_Change_Lag_5': 1.3391716058129607e-06, 'Interest_Rate_Pct_Change_Lag_20': 1.4580466437583742e-06}",241303.77216004027
Close,"('Interest_Rate_Lag_1', 'Interest_Rate_Lag_5', 'Interest_Rate_Pct_Change_Lag_1', 'Interest_Rate_Pct_Change_Lag_10', 'Interest_Rate_Pct_Change_Lag_20')",0.2794930667408737,"{'const': 0.0, 'Interest_Rate_Lag_1': 8.189293574698624e-07, 'Interest_Rate_Lag_5': 5.532131982875439e-12, 'Interest_Rate_Pct_Change_Lag_1': 0.002112037790330028, 'Interest_Rate_Pct_Change_Lag_10': 3.7523541669963507e-06, 'Interest_Rate_Pct_Change_Lag_20': 1.4609988877188287e-06}",241305.75178549427
Close,"('Interest_Rate_Lag_10', 'Interest_Rate_Pct_Change_Lag_1', 'Interest_Rate_Pct_Change_Lag_10')",0.2794663828447782,"{'const': 0.0, 'Interest_Rate_Lag_10': 0.0, 'Interest_Rate_Pct_Change_Lag_1': 1.2564783368402454e-05, 'Interest_Rate_Pct_Change_Lag_10': 3.855045910635273e-06}",241469.68175043623
Close,"('Interest_Rate_Lag_10', 'Interest_Rate_Pct_Change_Lag_5', 'Interest_Rate_Pct_Change_Lag_10')",0.2794560670008659,"{'const': 0.0, 'Interest_Rate_Lag_10': 0.0, 'Interest_Rate_Pct_Change_Lag_5': 1.401885119784872e-05, 'Interest_Rate_Pct_Change_Lag_10': 3.855863081163408e-06}",241469.8907477791
Close,"('Interest_Rate_Lag_5', 'Interest_Rate_Pct_Change_Lag_1', 'Interest_Rate_Pct_Change_Lag_5', 'Interest_Rate_Pct_Change_Lag_10', 'Interest_Rate_Pct_Change_Lag_20')",0.27944654267496405,"{'const': 0.0, 'Interest_Rate_Lag_5': 0.0, 'Interest_Rate_Pct_Change_Lag_1': 1.207755505409046e-05, 'Interest_Rate_Pct_Change_Lag_5': 1.3355728215755633e-06, 'Interest_Rate_Pct_Change_Lag_10': 3.7352457815016995e-06, 'Interest_Rate_Pct_Change_Lag_20': 1.4541287376290456e-06}",241306.69372113852
Close,"('Interest_Rate_Lag_10', 'Interest_Rate_Pct_Change_Lag_1', 'Interest_Rate_Pct_Change_Lag_5')",0.2794035523690803,"{'const': 0.0, 'Interest_Rate_Lag_10': 0.0, 'Interest_Rate_Pct_Change_Lag_1': 1.255266596611409e-05, 'Interest_Rate_Pct_Change_Lag_5': 1.4002444935640966e-05}",241487.69217816027
Close,"('Interest_Rate_Lag_1', 'Interest_Rate_Lag_5', 'Interest_Rate_Pct_Change_Lag_1', 'Interest_Rate_Pct_Change_Lag_5')",0.2793299432221332,"{'const': 0.0, 'Interest_Rate_Lag_1': 8.266267771413984e-07, 'Interest_Rate_Lag_5': 5.544766932613934e-12, 'Interest_Rate_Pct_Change_Lag_1': 0.0021296442209203445, 'Interest_Rate_Pct_Change_Lag_5': 1.3597141147903544e-06}",241558.1238123341
Close,"('Interest_Rate_Lag_1', 'Interest_Rate_Lag_5', 'Interest_Rate_Pct_Change_Lag_5', 'Interest_Rate_Pct_Change_Lag_20')",0.2791237334056321,"{'const': 0.0, 'Interest_Rate_Lag_1': 5.591610281079945e-09, 'Interest_Rate_Lag_5': 4.243882320283401e-15, 'Interest_Rate_Pct_Change_Lag_5': 1.3571947561257689e-06, 'Interest_Rate_Pct_Change_Lag_20': 1.4775691952477237e-06}",241311.22770836193
Close,"('Interest_Rate_Lag_10', 'Interest_Rate_Pct_Change_Lag_10', 'Interest_Rate_Pct_Change_Lag_20')",0.2790760950629907,"{'const': 0.0, 'Interest_Rate_Lag_10': 0.0, 'Interest_Rate_Pct_Change_Lag_10': 3.876008458758663e-06, 'Interest_Rate_Pct_Change_Lag_20': 1.5113374842313722e-06}",241310.19170900004
Close,"('Interest_Rate_Lag_1', 'Interest_Rate_Lag_5', 'Interest_Rate_Pct_Change_Lag_10', 'Interest_Rate_Pct_Change_Lag_20')",0.2790259916860799,"{'const': 0.0, 'Interest_Rate_Lag_1': 5.6065633818148536e-09, 'Interest_Rate_Lag_5': 4.2610067664079084e-15, 'Interest_Rate_Pct_Change_Lag_10': 3.7997020275652726e-06, 'Interest_Rate_Pct_Change_Lag_20': 1.4805554640830851e-06}",241313.20552288514
Close,"('Interest_Rate_Lag_10', 'Interest_Rate_Pct_Change_Lag_1', 'Interest_Rate_Pct_Change_Lag_20')",0.2789644086829852,"{'const': 0.0, 'Interest_Rate_Lag_10': 0.0, 'Interest_Rate_Pct_Change_Lag_1': 1.26268607194899e-05, 'Interest_Rate_Pct_Change_Lag_20': 1.511961794967845e-06}",241312.45152409055
Close,"('Interest_Rate_Lag_10', 'Interest_Rate_Pct_Change_Lag_5', 'Interest_Rate_Pct_Change_Lag_20')",0.2789540840117578,"{'const': 0.0, 'Interest_Rate_Lag_10': 0.0, 'Interest_Rate_Pct_Change_Lag_5': 1.408733270869663e-05, 'Interest_Rate_Pct_Change_Lag_20': 1.5123048689295094e-06}",241312.66041145666
Close,"('Interest_Rate_Lag_1', 'Interest_Rate_Lag_5', 'Interest_Rate_Pct_Change_Lag_1', 'Interest_Rate_Pct_Change_Lag_10')",0.2789376491903275,"{'const': 0.0, 'Interest_Rate_Lag_1': 8.313327240673151e-07, 'Interest_Rate_Lag_5': 5.6062832684397005e-12, 'Interest_Rate_Pct_Change_Lag_1': 0.002135420626636777, 'Interest_Rate_Pct_Change_Lag_10': 3.82083625914566e-06}",241482.38995773604
Close,"('Interest_Rate_Lag_5', 'Interest_Rate_Pct_Change_Lag_1', 'Interest_Rate_Pct_Change_Lag_5', 'Interest_Rate_Pct_Change_Lag_10')",0.27889072277565363,"{'const': 0.0, 'Interest_Rate_Lag_5': 0.0, 'Interest_Rate_Pct_Change_Lag_1': 1.2306715156248608e-05, 'Interest_Rate_Pct_Change_Lag_5': 1.3615698865572903e-06, 'Interest_Rate_Pct_Change_Lag_10': 3.8034191214886814e-06}",241483.33995812203
Close,"('Interest_Rate_Lag_1', 'Interest_Rate_Lag_5', 'Interest_Rate_Pct_Change_Lag_5')",0.2788640268200353,"{'const': 0.0, 'Interest_Rate_Lag_1': 5.690271332146544e-09, 'Interest_Rate_Lag_5': 4.29272893033273e-15, 'Interest_Rate_Pct_Change_Lag_5': 1.3779533990456214e-06}",241565.56166640777
Close,"('Interest_Rate_Lag_10', 'Interest_Rate_Pct_Change_Lag_10')",0.2785239411439564,"{'const': 0.0, 'Interest_Rate_Lag_10': 0.0, 'Interest_Rate_Pct_Change_Lag_10': 3.946157111892924e-06}",241486.76312851062
Close,"('Interest_Rate_Lag_5', 'Interest_Rate_Pct_Change_Lag_5', 'Interest_Rate_Pct_Change_Lag_10', 'Interest_Rate_Pct_Change_Lag_20')",0.2784995639855289,"{'const': 0.0, 'Interest_Rate_Lag_5': 0.0, 'Interest_Rate_Pct_Change_Lag_5': 1.3695796149469898e-06, 'Interest_Rate_Pct_Change_Lag_10': 3.8241113261708255e-06, 'Interest_Rate_Pct_Change_Lag_20': 1.4909538033206352e-06}",241323.85323684185
Close,"('Interest_Rate_Lag_1', 'Interest_Rate_Lag_5', 'Interest_Rate_Pct_Change_Lag_10')",0.2784715650062958,"{'const': 0.0, 'Interest_Rate_Lag_1': 5.736161571589327e-09, 'Interest_Rate_Lag_5': 4.3552143846658425e-15, 'Interest_Rate_Pct_Change_Lag_10': 3.868875299352204e-06}",241489.8228436552
Close,"('Interest_Rate_Lag_10', 'Interest_Rate_Pct_Change_Lag_1')",0.27847131206109543,"{'const': 0.0, 'Interest_Rate_Lag_10': 0.0, 'Interest_Rate_Pct_Change_Lag_1': 1.2855710798548636e-05}",241504.5667928748
Close,"('Interest_Rate_Lag_10', 'Interest_Rate_Pct_Change_Lag_5')",0.2784610020751189,"{'const': 0.0, 'Interest_Rate_Lag_10': 0.0, 'Interest_Rate_Pct_Change_Lag_5': 1.4340757781227682e-05}",241504.7753977611
Close,"('Interest_Rate_Lag_1', 'Interest_Rate_Lag_5', 'Interest_Rate_Pct_Change_Lag_1', 'Interest_Rate_Pct_Change_Lag_20')",0.27843549015046853,"{'const': 0.0, 'Interest_Rate_Lag_1': 8.362493892189944e-07, 'Interest_Rate_Lag_5': 5.682066481078297e-12, 'Interest_Rate_Pct_Change_Lag_1': 0.0021408608752276222, 'Interest_Rate_Pct_Change_Lag_20': 1.4985615984788186e-06}",241325.148686654
Close,"('Interest_Rate_Lag_5', 'Interest_Rate_Pct_Change_Lag_1', 'Interest_Rate_Pct_Change_Lag_5', 'Interest_Rate_Pct_Change_Lag_20')",0.2783884642027845,"{'const': 0.0, 'Interest_Rate_Lag_5': 0.0, 'Interest_Rate_Pct_Change_Lag_1': 1.2367195477578391e-05, 'Interest_Rate_Pct_Change_Lag_5': 1.3701325137405807e-06, 'Interest_Rate_Pct_Change_Lag_20': 1.4915440072980003e-06}",241326.0993877512
Close,"('Interest_Rate_Lag_1', 'Interest_Rate_Pct_Change_Lag_1', 'Interest_Rate_Pct_Change_Lag_5', 'Interest_Rate_Pct_Change_Lag_10', 'Interest_Rate_Pct_Change_Lag_20')",0.2782995895459346,"{'const': 0.0, 'Interest_Rate_Lag_1': 0.0, 'Interest_Rate_Pct_Change_Lag_1': 1.193881615813692e-06, 'Interest_Rate_Pct_Change_Lag_5': 1.3467125816387996e-06, 'Interest_Rate_Pct_Change_Lag_10': 3.762137590218309e-06, 'Interest_Rate_Pct_Change_Lag_20': 1.4661188785003116e-06}",241329.89595501323
Close,"('Interest_Rate_Lag_5', 'Interest_Rate_Pct_Change_Lag_1', 'Interest_Rate_Pct_Change_Lag_10', 'Interest_Rate_Pct_Change_Lag_20')",0.2782907106542637,"{'const': 0.0, 'Interest_Rate_Lag_5': 0.0, 'Interest_Rate_Pct_Change_Lag_1': 1.2389382289051399e-05, 'Interest_Rate_Pct_Change_Lag_10': 3.832492702188789e-06, 'Interest_Rate_Pct_Change_Lag_20': 1.4945542252039998e-06}",241328.07542626344
Close,"('Interest_Rate_Lag_1', 'Interest_Rate_Lag_5', 'Interest_Rate_Pct_Change_Lag_1')",0.27823573711432126,"{'const': 0.0, 'Interest_Rate_Lag_1': 8.449511785906181e-07, 'Interest_Rate_Lag_5': 5.702148151686545e-12, 'Interest_Rate_Pct_Change_Lag_1': 0.002159995897698061}",241595.0128827722
Close,"('Interest_Rate_Lag_5', 'Interest_Rate_Pct_Change_Lag_1', 'Interest_Rate_Pct_Change_Lag_5')",0.2781295253481143,"{'const': 0.0, 'Interest_Rate_Lag_5': 0.0, 'Interest_Rate_Pct_Change_Lag_1': 1.2559574490266934e-05, 'Interest_Rate_Pct_Change_Lag_5': 1.3910184319979837e-06}",241580.42774817324
Close,"('Interest_Rate_Lag_10', 'Interest_Rate_Pct_Change_Lag_20')",0.27802112892875885,"{'const': 0.0, 'Interest_Rate_Lag_10': 0.0, 'Interest_Rate_Pct_Change_Lag_20': 1.549994351476213e-06}",241329.5234978972
Close,"('Interest_Rate_Lag_1', 'Interest_Rate_Lag_5', 'Interest_Rate_Pct_Change_Lag_20')",0.2779689924620625,"{'const': 0.0, 'Interest_Rate_Lag_1': 5.78364596352773e-09, 'Interest_Rate_Lag_5': 4.430610453143673e-15, 'Interest_Rate_Pct_Change_Lag_20': 1.5185421660340078e-06}",241332.57690727862
Close,"('Interest_Rate_Lag_5', 'Interest_Rate_Pct_Change_Lag_5', 'Interest_Rate_Pct_Change_Lag_10')",0.27794550364963133,"{'const': 0.0, 'Interest_Rate_Lag_5': 0.0, 'Interest_Rate_Pct_Change_Lag_5': 1.39611251859109e-06, 'Interest_Rate_Pct_Change_Lag_10': 3.893577341488274e-06}",241500.46226569015
Close,"('Interest_Rate_Lag_1', 'Interest_Rate_Lag_5')",0.2777704609869637,"{'const': 0.0, 'Interest_Rate_Lag_1': 5.878552578046562e-09, 'Interest_Rate_Lag_5': 4.47163100633999e-15}",241602.4241320312
Close,"('Interest_Rate_Lag_1', 'Interest_Rate_Pct_Change_Lag_1', 'Interest_Rate_Pct_Change_Lag_5', 'Interest_Rate_Pct_Change_Lag_10')",0.2777436110244965,"{'const': 0.0, 'Interest_Rate_Lag_1': 0.0, 'Interest_Rate_Pct_Change_Lag_1': 1.2172713623738103e-06, 'Interest_Rate_Pct_Change_Lag_5': 1.3729060689194865e-06, 'Interest_Rate_Pct_Change_Lag_10': 3.8307522113483866e-06}",241506.54342105755
Close,"('Interest_Rate_Lag_5', 'Interest_Rate_Pct_Change_Lag_1', 'Interest_Rate_Pct_Change_Lag_10')",0.2777367072058844,"{'const': 0.0, 'Interest_Rate_Lag_5': 0.0, 'Interest_Rate_Pct_Change_Lag_1': 1.26233152026243e-05, 'Interest_Rate_Pct_Change_Lag_10': 3.902100662379109e-06}",241504.68295801972
Close,"('Interest_Rate_Lag_10',)",0.27752986047668604,"{'const': 0.0, 'Interest_Rate_Lag_10': 0.0}",241521.60317069845
Close,"('Interest_Rate_Lag_5', 'Interest_Rate_Pct_Change_Lag_5', 'Interest_Rate_Pct_Change_Lag_20')",0.27744240127262354,"{'const': 0.0, 'Interest_Rate_Lag_5': 0.0, 'Interest_Rate_Pct_Change_Lag_5': 1.4048865472536672e-06, 'Interest_Rate_Pct_Change_Lag_20': 1.5291729058137166e-06}",241343.21234020183
Close,"('Interest_Rate_Lag_5', 'Interest_Rate_Pct_Change_Lag_10', 'Interest_Rate_Pct_Change_Lag_20')",0.27734468909072163,"{'const': 0.0, 'Interest_Rate_Lag_5': 0.0, 'Interest_Rate_Pct_Change_Lag_10': 3.92330023387422e-06, 'Interest_Rate_Pct_Change_Lag_20': 1.5322485053435286e-06}",241345.18495655787
Close,"('Interest_Rate_Lag_1', 'Interest_Rate_Pct_Change_Lag_1', 'Interest_Rate_Pct_Change_Lag_5', 'Interest_Rate_Pct_Change_Lag_20')",0.2772405085946149,"{'const': 0.0, 'Interest_Rate_Lag_1': 0.0, 'Interest_Rate_Pct_Change_Lag_1': 1.224986236158581e-06, 'Interest_Rate_Pct_Change_Lag_5': 1.3815208623862255e-06, 'Interest_Rate_Pct_Change_Lag_20': 1.5037998416318892e-06}",241349.2878616581
Close,"('Interest_Rate_Lag_5', 'Interest_Rate_Pct_Change_Lag_1', 'Interest_Rate_Pct_Change_Lag_20')",0.27723344995341004,"{'const': 0.0, 'Interest_Rate_Lag_5': 0.0, 'Interest_Rate_Pct_Change_Lag_1': 1.2685299207499917e-05, 'Interest_Rate_Pct_Change_Lag_20': 1.5328554296891468e-06}",241347.43033084227
Close,"('Interest_Rate_Lag_5', 'Interest_Rate_Pct_Change_Lag_5')",0.27718561948454357,"{'const': 0.0, 'Interest_Rate_Lag_5': 0.0, 'Interest_Rate_Pct_Change_Lag_5': 1.4261816939021468e-06}",241597.5099158
Close,"('Interest_Rate_Lag_1', 'Interest_Rate_Pct_Change_Lag_1', 'Interest_Rate_Pct_Change_Lag_10', 'Interest_Rate_Pct_Change_Lag_20')",0.2771427097698639,"{'const': 0.0, 'Interest_Rate_Lag_1': 0.0, 'Interest_Rate_Pct_Change_Lag_1': 1.2274908724483073e-06, 'Interest_Rate_Pct_Change_Lag_10': 3.8599731729364965e-06, 'Interest_Rate_Pct_Change_Lag_20': 1.5068297350583094e-06}",241351.26167557028
Close,"('Interest_Rate_Lag_1', 'Interest_Rate_Pct_Change_Lag_5', 'Interest_Rate_Pct_Change_Lag_10', 'Interest_Rate_Pct_Change_Lag_20')",0.27713122136322965,"{'const': 0.0, 'Interest_Rate_Lag_1': 0.0, 'Interest_Rate_Pct_Change_Lag_5': 1.384649203962571e-06, 'Interest_Rate_Pct_Change_Lag_10': 3.860819839563362e-06, 'Interest_Rate_Pct_Change_Lag_20': 1.507184362936518e-06}",241351.4935215328
Close,"('Interest_Rate_Lag_5', 'Interest_Rate_Pct_Change_Lag_1')",0.2770357527648195,"{'const': 0.0, 'Interest_Rate_Lag_5': 0.0, 'Interest_Rate_Pct_Change_Lag_1': 1.2873089933228077e-05}",241617.27290857962
Close,"('Interest_Rate_Lag_1', 'Interest_Rate_Pct_Change_Lag_1', 'Interest_Rate_Pct_Change_Lag_5')",0.27698185658189056,"{'const': 0.0, 'Interest_Rate_Lag_1': 0.0, 'Interest_Rate_Pct_Change_Lag_1': 1.2437745089693228e-06, 'Interest_Rate_Pct_Change_Lag_5': 1.4025714500093628e-06}",241603.6259522536
Close,"('Interest_Rate_Lag_5', 'Interest_Rate_Pct_Change_Lag_10')",0.27679244267109715,"{'const': 0.0, 'Interest_Rate_Lag_5': 0.0, 'Interest_Rate_Pct_Change_Lag_10': 3.994221839008355e-06}",241521.75546389344
Close,"('Interest_Rate_Lag_1', 'Interest_Rate_Pct_Change_Lag_1', 'Interest_Rate_Pct_Change_Lag_10')",0.2765885502996275,"{'const': 0.0, 'Interest_Rate_Lag_1': 0.0, 'Interest_Rate_Pct_Change_Lag_1': 1.2514214498001609e-06, 'Interest_Rate_Pct_Change_Lag_10': 3.93002984346551e-06}",241527.87046700614
Close,"('Interest_Rate_Lag_1', 'Interest_Rate_Pct_Change_Lag_5', 'Interest_Rate_Pct_Change_Lag_10')",0.27657707562854683,"{'const': 0.0, 'Interest_Rate_Lag_1': 0.0, 'Interest_Rate_Pct_Change_Lag_5': 1.4114478507174167e-06, 'Interest_Rate_Pct_Change_Lag_10': 3.930889122214837e-06}",241528.10201700448
Close,"('Interest_Rate_Lag_5', 'Interest_Rate_Pct_Change_Lag_20')",0.2762883429943571,"{'const': 0.0, 'Interest_Rate_Lag_5': 0.0, 'Interest_Rate_Pct_Change_Lag_20': 1.571368923082606e-06}",241364.49349019496
Close,"('Interest_Rate_Lag_5',)",0.2760928791324969,"{'const': 0.0, 'Interest_Rate_Lag_5': 0.0}",241634.30670630228
Close,"('Interest_Rate_Lag_1', 'Interest_Rate_Pct_Change_Lag_1', 'Interest_Rate_Pct_Change_Lag_20')",0.27608444728669,"{'const': 0.0, 'Interest_Rate_Lag_1': 0.0, 'Interest_Rate_Pct_Change_Lag_1': 1.259342916283141e-06, 'Interest_Rate_Pct_Change_Lag_20': 1.5454017851889219e-06}",241370.60287772672
Close,"('Interest_Rate_Lag_1', 'Interest_Rate_Pct_Change_Lag_5', 'Interest_Rate_Pct_Change_Lag_20')",0.27607296293384964,"{'const': 0.0, 'Interest_Rate_Lag_1': 0.0, 'Interest_Rate_Pct_Change_Lag_5': 1.420293388808088e-06, 'Interest_Rate_Pct_Change_Lag_20': 1.5457642192169522e-06}",241370.83430307702
Close,"('Interest_Rate_Lag_1', 'Interest_Rate_Pct_Change_Lag_1')",0.27606417642946124,"{'const': 0.0, 'Interest_Rate_Lag_1': 0.0, 'Interest_Rate_Pct_Change_Lag_1': 1.2743713349246002e-06}",241687.096355175
Close,"('Interest_Rate_Lag_1', 'Interest_Rate_Pct_Change_Lag_10', 'Interest_Rate_Pct_Change_Lag_20')",0.2759752012481471,"{'const': 0.0, 'Interest_Rate_Lag_1': 0.0, 'Interest_Rate_Pct_Change_Lag_10': 3.9608172393324585e-06, 'Interest_Rate_Pct_Change_Lag_20': 1.5488667909247998e-06}",241372.80418555223
Close,"('Interest_Rate_Lag_1', 'Interest_Rate_Pct_Change_Lag_5')",0.2758166269867285,"{'const': 0.0, 'Interest_Rate_Lag_1': 0.0, 'Interest_Rate_Pct_Change_Lag_5': 1.44181072912726e-06}",241625.14147688786
Close,"('Interest_Rate_Lag_1', 'Interest_Rate_Pct_Change_Lag_10')",0.2754228725885377,"{'const': 0.0, 'Interest_Rate_Lag_1': 0.0, 'Interest_Rate_Pct_Change_Lag_10': 4.032352364653037e-06}",241549.3741978663
Close,"('Interest_Rate_Lag_1',)",0.274959487006747,"{'const': 0.0, 'Interest_Rate_Lag_1': 0.0}",241724.1115713016
Close,"('Interest_Rate_Lag_1', 'Interest_Rate_Pct_Change_Lag_20')",0.2749177603627351,"{'const': 0.0, 'Interest_Rate_Lag_1': 0.0, 'Interest_Rate_Pct_Change_Lag_20': 1.5883550056724064e-06}",241392.0944697974
Close,"('Interest_Rate_Pct_Change_Lag_1', 'Interest_Rate_Pct_Change_Lag_5', 'Interest_Rate_Pct_Change_Lag_10', 'Interest_Rate_Pct_Change_Lag_20')",0.006628425362028567,"{'const': 0.0, 'Interest_Rate_Pct_Change_Lag_1': 5.908365228345888e-07, 'Interest_Rate_Pct_Change_Lag_5': 6.565256849667346e-07, 'Interest_Rate_Pct_Change_Lag_10': 1.6189011371437585e-06, 'Interest_Rate_Pct_Change_Lag_20': 7.072330591874886e-07}",245988.68433573266
Close,"('Interest_Rate_Pct_Change_Lag_1', 'Interest_Rate_Pct_Change_Lag_5', 'Interest_Rate_Pct_Change_Lag_20')",0.005060320585043798,"{'const': 0.0, 'Interest_Rate_Pct_Change_Lag_1': 6.052593001834652e-07, 'Interest_Rate_Pct_Change_Lag_5': 6.724370976458873e-07, 'Interest_Rate_Pct_Change_Lag_20': 7.242860644439741e-07}",246009.6943319621
Close,"('Interest_Rate_Pct_Change_Lag_1', 'Interest_Rate_Pct_Change_Lag_5', 'Interest_Rate_Pct_Change_Lag_10')",0.004949989792696896,"{'const': 0.0, 'Interest_Rate_Pct_Change_Lag_1': 6.03398868199876e-07, 'Interest_Rate_Pct_Change_Lag_5': 6.703693925221666e-07, 'Interest_Rate_Pct_Change_Lag_10': 1.6506097320233125e-06}",246181.9296531099
Close,"('Interest_Rate_Pct_Change_Lag_1', 'Interest_Rate_Pct_Change_Lag_10', 'Interest_Rate_Pct_Change_Lag_20')",0.004941775026971684,"{'const': 0.0, 'Interest_Rate_Pct_Change_Lag_1': 6.062945648195091e-07, 'Interest_Rate_Pct_Change_Lag_10': 1.6583411008767952e-06, 'Interest_Rate_Pct_Change_Lag_20': 7.255091470824803e-07}",246011.4323665594
Close,"('Interest_Rate_Pct_Change_Lag_5', 'Interest_Rate_Pct_Change_Lag_10', 'Interest_Rate_Pct_Change_Lag_20')",0.004927907989669356,"{'const': 0.0, 'Interest_Rate_Pct_Change_Lag_5': 6.73712061244418e-07, 'Interest_Rate_Pct_Change_Lag_10': 1.6586483379243916e-06, 'Interest_Rate_Pct_Change_Lag_20': 7.256520467037049e-07}",246011.635662131
Close,"('Interest_Rate_Pct_Change_Lag_1', 'Interest_Rate_Pct_Change_Lag_5')",0.0033824237907159604,"{'const': 0.0, 'Interest_Rate_Pct_Change_Lag_1': 6.166322731439675e-07, 'Interest_Rate_Pct_Change_Lag_5': 6.849586827303445e-07}",246288.2077093536
Close,"('Interest_Rate_Pct_Change_Lag_1', 'Interest_Rate_Pct_Change_Lag_20')",0.0033742777860246154,"{'const': 0.0, 'Interest_Rate_Pct_Change_Lag_1': 6.210390598374831e-07, 'Interest_Rate_Pct_Change_Lag_20': 7.429371029227711e-07}",246032.39449818124
Close,"('Interest_Rate_Pct_Change_Lag_5', 'Interest_Rate_Pct_Change_Lag_20')",0.003360413241064175,"{'const': 0.0, 'Interest_Rate_Pct_Change_Lag_5': 6.899781824644636e-07, 'Interest_Rate_Pct_Change_Lag_20': 7.430829414948178e-07}",246032.59743753
Close,"('Interest_Rate_Pct_Change_Lag_1', 'Interest_Rate_Pct_Change_Lag_10')",0.003264511081448873,"{'const': 0.0, 'Interest_Rate_Pct_Change_Lag_1': 6.191261359819114e-07, 'Interest_Rate_Pct_Change_Lag_10': 1.690671630527291e-06}",246204.63575134243
Close,"('Interest_Rate_Pct_Change_Lag_5', 'Interest_Rate_Pct_Change_Lag_10')",0.003250654552281018,"{'const': 0.0, 'Interest_Rate_Pct_Change_Lag_5': 6.878521014777831e-07, 'Interest_Rate_Pct_Change_Lag_10': 1.6909836550270634e-06}",246204.83869004485
Close,"('Interest_Rate_Pct_Change_Lag_10', 'Interest_Rate_Pct_Change_Lag_20')",0.0032418903214856964,"{'const': 0.0, 'Interest_Rate_Pct_Change_Lag_10': 1.6989040374653848e-06, 'Interest_Rate_Pct_Change_Lag_20': 7.443331931743636e-07}",246034.33217651956
Close,"('Interest_Rate_Pct_Change_Lag_1',)",0.001697603862180208,"{'const': 0.0, 'Interest_Rate_Pct_Change_Lag_1': 6.314628630382058e-07}",246379.10671901307
Close,"('Interest_Rate_Pct_Change_Lag_5',)",0.0016839713408244306,"{'const': 0.0, 'Interest_Rate_Pct_Change_Lag_5': 7.027590439437228e-07}",246311.07320568687
Close,"('Interest_Rate_Pct_Change_Lag_20',)",0.0016750027633865017,"{'const': 0.0, 'Interest_Rate_Pct_Change_Lag_20': 7.621457805771424e-07}",246055.24626999063
Close,"('Interest_Rate_Pct_Change_Lag_10',)",0.0015658075171034458,"{'const': 0.0, 'Interest_Rate_Pct_Change_Lag_10': 1.7318708358021233e-06}",246227.49346731053
SP500_Pct_Change,"('Interest_Rate_Lag_1', 'Interest_Rate_Lag_10')",0.0002864981121466492,"{'const': 0.048448042221619914, 'Interest_Rate_Lag_1': 0.0424839184938334, 'Interest_Rate_Lag_10': 0.04373933444878986}",39955.184850754005
